epoch,steps,cosine_pearson,cosine_spearman,euclidean_pearson,euclidean_spearman,manhattan_pearson,manhattan_spearman,dot_pearson,dot_spearman
0,-1,0.6109547883709737,0.5786435852182326,0.5838057989492854,0.5366218195030185,0.5832466180054964,0.536238540813903,0.5818760709295144,0.5343506422729409
1,-1,0.6801764356662623,0.6354600600378237,0.665073766144093,0.6068232368839985,0.664451226644231,0.6063922669643912,0.6804853813087184,0.6128786592142725
2,-1,0.7036958969271553,0.6537842300050594,0.7021022027187646,0.6338679348386188,0.7013755290609477,0.6335184031333557,0.7054851039552567,0.6324461529849091
